{
  "s1_stats": {
    "method": "percentile",
    "band_low": [
      -1.5646731853485107,
      -1.5437523126602173
    ],
    "band_high": [
      1.937648057937622,
      1.851603388786316
    ],
    "low_pct": 2.0,
    "high_pct": 98.0
  },
  "s2_stats": {
    "method": "percentile",
    "band_low": [
      108.51034545898438,
      255.97982788085938,
      125.24083709716797,
      2110.096435546875
    ],
    "band_high": [
      616.2835083007812,
      970.1085815429688,
      1301.490478515625,
      4053.444091796875
    ],
    "low_pct": 2.0,
    "high_pct": 98.0
  }
}