{
  "predicted_class": "Agriculture",
  "predicted_class_idx": 3,
  "mean_confidence": 0.9999706745147705,
  "band_importance": {
    "VV": 0.09182622054481059,
    "VH": 0.08956894114359801,
    "B2": 0.08602063399928897,
    "B3": 0.09153434149389879,
    "B4": 0.08900630695935366,
    "B8": 0.09099244631136198,
    "NDVI": 0.09362903375820479,
    "EVI": 0.09045682923942207,
    "SAVI": 0.09450530801307264,
    "VV_VH_RATIO": 0.09103148872641653,
    "RVI": 0.09142844981030022
  },
  "top_bands": {
    "SAVI": 0.09450530801307264,
    "NDVI": 0.09362903375820479,
    "VV": 0.09182622054481059
  },
  "explanation_text": "AI Classification: Agriculture (confidence: 100%)\n\nThe model detected regular geometric patterns of crop cultivation.\n\nKey factors in this decision:\n  1. SAVI (9% importance): soil-adjusted vegetation index\n  2. NDVI (9% importance): vegetation health index (green = high, brown = low)\n  3. VV (9% importance): spectral feature\n\nThese top 3 bands account for 28% of the decision.",
  "class_distribution": {
    "Forest": 402,
    "Agriculture": 65134
  }
}