{
  "predicted_class": "Agriculture",
  "predicted_class_idx": 3,
  "mean_confidence": 0.9999228715896606,
  "band_importance": {
    "VV": 0.09245291280050215,
    "VH": 0.0895223723976784,
    "B2": 0.08736909734074863,
    "B3": 0.09077440100696763,
    "B4": 0.08927642815598084,
    "B8": 0.09047359428692979,
    "NDVI": 0.09365273522810039,
    "EVI": 0.09139852776231365,
    "SAVI": 0.09434910364296491,
    "VV_VH_RATIO": 0.09024646376387739,
    "RVI": 0.09048436361365517
  },
  "top_bands": {
    "SAVI": 0.09434910364296491,
    "NDVI": 0.09365273522810039,
    "VV": 0.09245291280050215
  },
  "explanation_text": "AI Classification: Agriculture (confidence: 100%)\n\nThe model detected regular geometric patterns of crop cultivation.\n\nKey factors in this decision:\n  1. SAVI (9% importance): soil-adjusted vegetation index\n  2. NDVI (9% importance): vegetation health index (green = high, brown = low)\n  3. VV (9% importance): spectral feature\n\nThese top 3 bands account for 28% of the decision.",
  "class_distribution": {
    "Forest": 470,
    "Agriculture": 65066
  }
}